id,alive,request,resolve,url,subdomain,level,cname,ip,public,cdn,port,status,reason,title,banner,cidr,asn,org,addr,isp,source
96,1,1,1,https://angdian.sdju.edu.cn,angdian.sdju.edu.cn,1,sd.sdju.edu.cn,101.230.228.74,1,1,443,200,OK,ä¸_µ·_µæ_å­¦é_èµ_º§ç»____,Server,101.230.224.0/20,AS4812,China Telecom (Group),ä¸_ä¸_µ·ä¸_µ·å¸,_µä¿¡,SiteDossierQuery
107,1,1,1,http://angdian.sdju.edu.cn,angdian.sdju.edu.cn,1,sd.sdju.edu.cn,101.230.228.74,1,1,80,200,OK,ä¸_µ·_µæ_å­¦é_èµ_º§ç»____,Server,101.230.224.0/20,AS4812,China Telecom (Group),ä¸_ä¸_µ·ä¸_µ·å¸,_µä¿¡,SiteDossierQuery
35,0,1,1,http://authserver.sdju.edu.cn,authserver.sdju.edu.cn,1,sd.sdju.edu.cn,101.230.228.74,1,0,80,500,Internal Server Error,ç»__èº»½è®¤è_,openresty,101.230.224.0/20,AS4812,China Telecom (Group),ä¸_ä¸_µ·ä¸_µ·å¸,_µä¿¡,IP138Query
51,0,1,1,https://authserver.sdju.edu.cn,authserver.sdju.edu.cn,1,sd.sdju.edu.cn,101.230.228.74,1,0,443,500,Internal Server Error,ç»__èº»½è®¤è_,openresty,101.230.224.0/20,AS4812,China Telecom (Group),ä¸_ä¸_µ·ä¸_µ·å¸,_µä¿¡,IP138Query
103,1,1,1,https://bwc.sdju.edu.cn,bwc.sdju.edu.cn,1,sd.sdju.edu.cn,101.230.228.74,1,1,443,200,OK,ä¿__å¤,Server,101.230.224.0/20,AS4812,China Telecom (Group),ä¸_ä¸_µ·ä¸_µ·å¸,_µä¿¡,SiteDossierQuery
146,1,1,1,http://bwc.sdju.edu.cn,bwc.sdju.edu.cn,1,sd.sdju.edu.cn,101.230.228.74,1,1,80,200,OK,ä¿__å¤,Server,101.230.224.0/20,AS4812,China Telecom (Group),ä¸_ä¸_µ·ä¸_µ·å¸,_µä¿¡,SiteDossierQuery
90,1,1,1,https://career.sdju.edu.cn,career.sdju.edu.cn,1,sd.sdju.edu.cn,101.230.228.74,1,1,443,200,OK,ä¸_µ·_µæ_å­¦é_å°±ä_ä¿¡æ____ç½,"Server            ,ASP.NET",101.230.224.0/20,AS4812,China Telecom (Group),ä¸_ä¸_µ·ä¸_µ·å¸,_µä¿¡,IP138Query
94,1,1,1,http://career.sdju.edu.cn,career.sdju.edu.cn,1,sd.sdju.edu.cn,101.230.228.74,1,1,80,200,OK,ä¸_µ·_µæ_å­¦é_å°±ä_ä¿¡æ____ç½,"Server            ,ASP.NET",101.230.224.0/20,AS4812,China Telecom (Group),ä¸_ä¸_µ·ä¸_µ·å¸,_µä¿¡,IP138Query
177,1,1,1,https://chengjiao.sdju.edu.cn,chengjiao.sdju.edu.cn,3,sd.sdju.edu.cn,101.230.228.74,1,1,443,200,OK,ç»§ç»­___å­¦é_,Server,101.230.224.0/20,AS4812,China Telecom (Group),ä¸_ä¸_µ·ä¸_µ·å¸,_µä¿¡,Finder
179,1,1,1,http://chengjiao.sdju.edu.cn,chengjiao.sdju.edu.cn,3,sd.sdju.edu.cn,101.230.228.74,1,1,80,200,OK,ç»§ç»­___å­¦é_,Server,101.230.224.0/20,AS4812,China Telecom (Group),ä¸_ä¸_µ·ä¸_µ·å¸,_µä¿¡,Finder
71,1,1,1,https://cwc.sdju.edu.cn,cwc.sdju.edu.cn,1,sd.sdju.edu.cn,101.230.228.74,1,1,443,200,OK,è´¢å_å¤,Server,101.230.224.0/20,AS4812,China Telecom (Group),ä¸_ä¸_µ·ä¸_µ·å¸,_µä¿¡,IP138Query
95,1,1,1,http://cwc.sdju.edu.cn,cwc.sdju.edu.cn,1,sd.sdju.edu.cn,101.230.228.74,1,1,80,200,OK,è´¢å_å¤,Server,101.230.224.0/20,AS4812,China Telecom (Group),ä¸_ä¸_µ·ä¸_µ·å¸,_µä¿¡,IP138Query
38,1,1,1,https://cwcx.sdju.edu.cn,cwcx.sdju.edu.cn,1,sd.sdju.edu.cn,101.230.228.74,1,0,443,403,Forbidden,403 - ç¦_è®¿é_: è®¿é_è¢_ç»_,"Server           ,ASP.NET",101.230.224.0/20,AS4812,China Telecom (Group),ä¸_ä¸_µ·ä¸_µ·å¸,_µä¿¡,QianXunQuery
52,1,1,1,http://cwcx.sdju.edu.cn,cwcx.sdju.edu.cn,1,sd.sdju.edu.cn,101.230.228.74,1,0,80,403,Forbidden,403 - ç¦_è®¿é_: è®¿é_è¢_ç»_,"Server           ,ASP.NET",101.230.224.0/20,AS4812,China Telecom (Group),ä¸_ä¸_µ·ä¸_µ·å¸,_µä¿¡,QianXunQuery
89,1,1,1,https://cyy.sdju.edu.cn,cyy.sdju.edu.cn,1,sd.sdju.edu.cn,101.230.228.74,1,1,443,200,OK,äº§ä____ç©¶é_,Server,101.230.224.0/20,AS4812,China Telecom (Group),ä¸_ä¸_µ·ä¸_µ·å¸,_µä¿¡,AlienVaultQuery
129,1,1,1,http://cyy.sdju.edu.cn,cyy.sdju.edu.cn,1,sd.sdju.edu.cn,101.230.228.74,1,1,80,200,OK,äº§ä____ç©¶é_,Server,101.230.224.0/20,AS4812,China Telecom (Group),ä¸_ä¸_µ·ä¸_µ·å¸,_µä¿¡,AlienVaultQuery
171,1,1,1,http://dangan.sdju.edu.cn,dangan.sdju.edu.cn,3,sd.sdju.edu.cn,101.230.228.74,1,1,80,200,OK,æ¡£æé¦,Server,101.230.224.0/20,AS4812,China Telecom (Group),ä¸_ä¸_µ·ä¸_µ·å¸,_µä¿¡,Finder
176,1,1,1,https://dangan.sdju.edu.cn,dangan.sdju.edu.cn,3,sd.sdju.edu.cn,101.230.228.74,1,1,443,200,OK,æ¡£æé¦,Server,101.230.224.0/20,AS4812,China Telecom (Group),ä¸_ä¸_µ·ä¸_µ·å¸,_µä¿¡,Finder
113,1,1,1,https://ddh.sdju.edu.cn,ddh.sdju.edu.cn,1,sd.sdju.edu.cn,101.230.228.74,1,1,443,200,OK,__»£ä¼,Server,101.230.224.0/20,AS4812,China Telecom (Group),ä¸_ä¸_µ·ä¸_µ·å¸,_µä¿¡,BaiduSearch
136,1,1,1,http://ddh.sdju.edu.cn,ddh.sdju.edu.cn,1,sd.sdju.edu.cn,101.230.228.74,1,1,80,200,OK,__»£ä¼,Server,101.230.224.0/20,AS4812,China Telecom (Group),ä¸_ä¸_µ·ä¸_µ·å¸,_µä¿¡,BaiduSearch
174,1,1,1,https://djsyzx.sdju.edu.cn,djsyzx.sdju.edu.cn,3,sd.sdju.edu.cn,101.230.228.74,1,1,443,200,OK,_µæ_å®____ç¤ºè_ä¸_,Server,101.230.224.0/20,AS4812,China Telecom (Group),ä¸_ä¸_µ·ä¸_µ·å¸,_µä¿¡,Finder
178,1,1,1,http://djsyzx.sdju.edu.cn,djsyzx.sdju.edu.cn,3,sd.sdju.edu.cn,101.230.228.74,1,1,80,200,OK,_µæ_å®____ç¤ºè_ä¸_,Server,101.230.224.0/20,AS4812,China Telecom (Group),ä¸_ä¸_µ·ä¸_µ·å¸,_µä¿¡,Finder
82,1,1,1,http://dqxy.sdju.edu.cn,dqxy.sdju.edu.cn,1,sd.sdju.edu.cn,101.230.228.74,1,1,80,200,OK,_µæ_å­¦é_,Server,101.230.224.0/20,AS4812,China Telecom (Group),ä¸_ä¸_µ·ä¸_µ·å¸,_µä¿¡,IP138Query
86,1,1,1,https://dqxy.sdju.edu.cn,dqxy.sdju.edu.cn,1,sd.sdju.edu.cn,101.230.228.74,1,1,443,200,OK,_µæ_å­¦é_,Server,101.230.224.0/20,AS4812,China Telecom (Group),ä¸_ä¸_µ·ä¸_µ·å¸,_µä¿¡,IP138Query
173,1,1,1,https://dsxx.sdju.edu.cn,dsxx.sdju.edu.cn,3,sd.sdju.edu.cn,101.230.228.74,1,1,443,200,OK,___å­¦ä____ä¸_ç½__,Server,101.230.224.0/20,AS4812,China Telecom (Group),ä¸_ä¸_µ·ä¸_µ·å¸,_µä¿¡,Finder
181,1,1,1,http://dsxx.sdju.edu.cn,dsxx.sdju.edu.cn,3,sd.sdju.edu.cn,101.230.228.74,1,1,80,200,OK,___å­¦ä____ä¸_ç½__,Server,101.230.224.0/20,AS4812,China Telecom (Group),ä¸_ä¸_µ·ä¸_µ·å¸,_µä¿¡,Finder
85,1,1,1,https://dtxy.sdju.edu.cn,dtxy.sdju.edu.cn,1,sd.sdju.edu.cn,101.230.228.74,1,1,443,200,OK,None,Server,101.230.224.0/20,AS4812,China Telecom (Group),ä¸_ä¸_µ·ä¸_µ·å¸,_µä¿¡,RiddlerQuery
144,1,1,1,http://dtxy.sdju.edu.cn,dtxy.sdju.edu.cn,1,sd.sdju.edu.cn,101.230.228.74,1,1,80,200,OK,None,Server,101.230.224.0/20,AS4812,China Telecom (Group),ä¸_ä¸_µ·ä¸_µ·å¸,_µä¿¡,RiddlerQuery
36,1,1,1,http://dwgk.sdju.edu.cn,dwgk.sdju.edu.cn,1,sd.sdju.edu.cn,101.230.228.74,1,1,80,200,OK,_____ç½,Server,101.230.224.0/20,AS4812,China Telecom (Group),ä¸_ä¸_µ·ä¸_µ·å¸,_µä¿¡,IP138Query
78,1,1,1,https://dwgk.sdju.edu.cn,dwgk.sdju.edu.cn,1,sd.sdju.edu.cn,101.230.228.74,1,1,443,200,OK,_____ç½,Server,101.230.224.0/20,AS4812,China Telecom (Group),ä¸_ä¸_µ·ä¸_µ·å¸,_µä¿¡,IP138Query
26,1,1,1,http://ehall.sdju.edu.cn,ehall.sdju.edu.cn,1,sd.sdju.edu.cn,101.230.228.74,1,1,80,200,,__¤ºä¿¡æ_,Server      ,101.230.224.0/20,AS4812,China Telecom (Group),ä¸_ä¸_µ·ä¸_µ·å¸,_µä¿¡,IP138Query
170,0,0,1,https://ehall.sdju.edu.cn,ehall.sdju.edu.cn,1,sd.sdju.edu.cn,101.230.228.74,1,0,443,,"(ReadTimeoutError(""HTTPSConnectionPool(host='ehall.sdju.edu.cn', port=443): Read timed out. (read timeout=27)""),)",,,101.230.224.0/20,AS4812,China Telecom (Group),ä¸_ä¸_µ·ä¸_µ·å¸,_µä¿¡,IP138Query
154,0,0,1,http://energyinfo.sdju.edu.cn,energyinfo.sdju.edu.cn,1,sd.sdju.edu.cn,101.230.228.74,1,0,80,,"(MaxRetryError(""HTTPConnectionPool(host='energyinfo.sdju.edu.cn', port=80): Max retries exceeded with url: / (Caused by ConnectTimeoutError(<urllib3.connection.HTTPConnection object at 0x10b1a4bb0>, 'Connection to energyinfo.sdju.edu.cn timed out. (connect timeout=13)'))""),)",,,101.230.224.0/20,AS4812,China Telecom (Group),ä¸_ä¸_µ·ä¸_µ·å¸,_µä¿¡,QianXunQuery
158,0,0,1,https://energyinfo.sdju.edu.cn,energyinfo.sdju.edu.cn,1,sd.sdju.edu.cn,101.230.228.74,1,0,443,,"(MaxRetryError(""HTTPSConnectionPool(host='energyinfo.sdju.edu.cn', port=443): Max retries exceeded with url: / (Caused by ConnectTimeoutError(<urllib3.connection.HTTPSConnection object at 0x10b135310>, 'Connection to energyinfo.sdju.edu.cn timed out. (connect timeout=13)'))""),)",,,101.230.224.0/20,AS4812,China Telecom (Group),ä¸_ä¸_µ·ä¸_µ·å¸,_µä¿¡,QianXunQuery
28,1,1,1,http://english.sdju.edu.cn,english.sdju.edu.cn,1,sd.sdju.edu.cn,101.230.228.74,1,1,80,200,OK,ä¸_µ·_µæ_å­¦é__±æ_ç½,Server,101.230.224.0/20,AS4812,China Telecom (Group),ä¸_ä¸_µ·ä¸_µ·å¸,_µä¿¡,IP138Query
114,1,1,1,https://english.sdju.edu.cn,english.sdju.edu.cn,1,sd.sdju.edu.cn,101.230.228.74,1,1,443,200,OK,ä¸_µ·_µæ_å­¦é__±æ_ç½,Server,101.230.224.0/20,AS4812,China Telecom (Group),ä¸_ä¸_µ·ä¸_µ·å¸,_µä¿¡,IP138Query
131,1,1,1,http://ghc.sdju.edu.cn,ghc.sdju.edu.cn,1,sd.sdju.edu.cn,101.230.228.74,1,1,80,200,OK,___è§__å¤,Server,101.230.224.0/20,AS4812,China Telecom (Group),ä¸_ä¸_µ·ä¸_µ·å¸,_µä¿¡,AlienVaultQuery
135,1,1,1,https://ghc.sdju.edu.cn,ghc.sdju.edu.cn,1,sd.sdju.edu.cn,101.230.228.74,1,1,443,200,OK,___è§__å¤,Server,101.230.224.0/20,AS4812,China Telecom (Group),ä¸_ä¸_µ·ä¸_µ·å¸,_µä¿¡,AlienVaultQuery
102,1,1,1,https://gjs.sdju.edu.cn,gjs.sdju.edu.cn,1,sd.sdju.edu.cn,101.230.228.74,1,1,443,200,OK,é«______²ç_ç©¶æ_,Server,101.230.224.0/20,AS4812,China Telecom (Group),ä¸_ä¸_µ·ä¸_µ·å¸,_µä¿¡,BaiduSearch
120,1,1,1,http://gjs.sdju.edu.cn,gjs.sdju.edu.cn,1,sd.sdju.edu.cn,101.230.228.74,1,1,80,200,OK,é«______²ç_ç©¶æ_,Server,101.230.224.0/20,AS4812,China Telecom (Group),ä¸_ä¸_µ·ä¸_µ·å¸,_µä¿¡,BaiduSearch
76,1,1,1,https://gonghui.sdju.edu.cn,gonghui.sdju.edu.cn,1,sd.sdju.edu.cn,101.230.228.74,1,1,443,200,OK,,Server,101.230.224.0/20,AS4812,China Telecom (Group),ä¸_ä¸_µ·ä¸_µ·å¸,_µä¿¡,SiteDossierQuery
99,1,1,1,http://gonghui.sdju.edu.cn,gonghui.sdju.edu.cn,1,sd.sdju.edu.cn,101.230.228.74,1,1,80,200,OK,,Server,101.230.224.0/20,AS4812,China Telecom (Group),ä¸_ä¸_µ·ä¸_µ·å¸,_µä¿¡,SiteDossierQuery
91,1,1,1,http://guojijl.sdju.edu.cn,guojijl.sdju.edu.cn,1,sd.sdju.edu.cn,101.230.228.74,1,1,80,200,OK,_½é____ä¸_º¤æµ_,Server,101.230.224.0/20,AS4812,China Telecom (Group),ä¸_ä¸_µ·ä¸_µ·å¸,_µä¿¡,SiteDossierQuery
115,1,1,1,https://guojijl.sdju.edu.cn,guojijl.sdju.edu.cn,1,sd.sdju.edu.cn,101.230.228.74,1,1,443,200,OK,_½é____ä¸_º¤æµ_,Server,101.230.224.0/20,AS4812,China Telecom (Group),ä¸_ä¸_µ·ä¸_µ·å¸,_µä¿¡,SiteDossierQuery
81,1,1,1,http://gzxy.sdju.edu.cn,gzxy.sdju.edu.cn,1,sd.sdju.edu.cn,101.230.228.74,1,1,80,200,OK,é«__å­¦é_,Server,101.230.224.0/20,AS4812,China Telecom (Group),ä¸_ä¸_µ·ä¸_µ·å¸,_µä¿¡,RiddlerQuery
137,1,1,1,https://gzxy.sdju.edu.cn,gzxy.sdju.edu.cn,1,sd.sdju.edu.cn,101.230.228.74,1,1,443,200,OK,é«__å­¦é_,Server,101.230.224.0/20,AS4812,China Telecom (Group),ä¸_ä¸_µ·ä¸_µ·å¸,_µä¿¡,RiddlerQuery
138,1,1,1,https://houqin.sdju.edu.cn,houqin.sdju.edu.cn,1,sd.sdju.edu.cn,101.230.228.74,1,1,443,200,OK,_»å__,Server,101.230.224.0/20,AS4812,China Telecom (Group),ä¸_ä¸_µ·ä¸_µ·å¸,_µä¿¡,BaiduSearch
141,1,1,1,http://houqin.sdju.edu.cn,houqin.sdju.edu.cn,1,sd.sdju.edu.cn,101.230.228.74,1,1,80,200,OK,_»å__,Server,101.230.224.0/20,AS4812,China Telecom (Group),ä¸_ä¸_µ·ä¸_µ·å¸,_µä¿¡,BaiduSearch
12,1,1,1,https://hqgl.sdju.edu.cn,hqgl.sdju.edu.cn,1,sd.sdju.edu.cn,101.230.228.74,1,1,443,200,,'\n\n\n\n\n\nLoading ...\n\n\n',,101.230.224.0/20,AS4812,China Telecom (Group),ä¸_ä¸_µ·ä¸_µ·å¸,_µä¿¡,IP138Query
21,1,1,1,http://hqgl.sdju.edu.cn,hqgl.sdju.edu.cn,1,sd.sdju.edu.cn,101.230.228.74,1,1,80,200,,'\n\n\n\n\n\nLoading ...\n\n\n',,101.230.224.0/20,AS4812,China Telecom (Group),ä¸_ä¸_µ·ä¸_µ·å¸,_µä¿¡,IP138Query
16,1,1,1,https://hr.sdju.edu.cn,hr.sdju.edu.cn,1,sd.sdju.edu.cn,101.230.228.74,1,1,443,200,OK,äººå_èµ__å¤,Server,101.230.224.0/20,AS4812,China Telecom (Group),ä¸_ä¸_µ·ä¸_µ·å¸,_µä¿¡,IP138Query
72,1,1,1,http://hr.sdju.edu.cn,hr.sdju.edu.cn,1,sd.sdju.edu.cn,101.230.228.74,1,1,80,200,OK,äººå_èµ__å¤,Server,101.230.224.0/20,AS4812,China Telecom (Group),ä¸_ä¸_µ·ä¸_µ·å¸,_µä¿¡,IP138Query
31,1,1,1,http://idp.sdju.edu.cn,idp.sdju.edu.cn,1,idp.sdju.edu.cn,210.35.68.169,1,1,80,200,OK,'\n',Server,210.35.68.0/22,AS4538,China Education and Research Network Center,ä¸_ä¸_µ·ä¸_µ·å¸,___ç½,CrtshQuery
34,1,1,1,https://idp.sdju.edu.cn,idp.sdju.edu.cn,1,idp.sdju.edu.cn,210.35.68.169,1,1,443,200,OK,'\n',Apache,210.35.68.0/22,AS4538,China Education and Research Network Center,ä¸_ä¸_µ·ä¸_µ·å¸,___ç½,CrtshQuery
163,0,0,1,https://imap.sdju.edu.cn,imap.sdju.edu.cn,1,hwhz.qiye.ntes53.netease.com,3.65.106.51,1,0,443,,"(MaxRetryError(""HTTPSConnectionPool(host='imap.sdju.edu.cn', port=443): Max retries exceeded with url: / (Caused by ConnectTimeoutError(<urllib3.connection.HTTPSConnection object at 0x10b1a4730>, 'Connection to imap.sdju.edu.cn timed out. (connect timeout=13)'))""),)",,,3.64.0.0/12,AS-,-,ç¾_____é¡,äº_©¬_,QianXunQuery
165,0,0,1,http://imap.sdju.edu.cn,imap.sdju.edu.cn,1,hwhz.qiye.ntes53.netease.com,3.65.106.51,1,0,80,,"(MaxRetryError(""HTTPConnectionPool(host='imap.sdju.edu.cn', port=80): Max retries exceeded with url: / (Caused by ConnectTimeoutError(<urllib3.connection.HTTPConnection object at 0x109db9f70>, 'Connection to imap.sdju.edu.cn timed out. (connect timeout=13)'))""),)",,,3.64.0.0/12,AS-,-,ç¾_____é¡,äº_©¬_,QianXunQuery
73,1,1,1,https://info.sdju.edu.cn,info.sdju.edu.cn,1,sd.sdju.edu.cn,101.230.228.74,1,1,443,200,OK,ä¿¡æ___¸­å¿,Server,101.230.224.0/20,AS4812,China Telecom (Group),ä¸_ä¸_µ·ä¸_µ·å¸,_µä¿¡,SiteDossierQuery
147,1,1,1,http://info.sdju.edu.cn,info.sdju.edu.cn,1,sd.sdju.edu.cn,101.230.228.74,1,1,80,200,OK,ä¿¡æ___¸­å¿,Server,101.230.224.0/20,AS4812,China Telecom (Group),ä¸_ä¸_µ·ä¸_µ·å¸,_µä¿¡,SiteDossierQuery
122,1,1,1,https://jgdw.sdju.edu.cn,jgdw.sdju.edu.cn,1,sd.sdju.edu.cn,101.230.228.74,1,1,443,200,OK,_ºå___,Server,101.230.224.0/20,AS4812,China Telecom (Group),ä¸_ä¸_µ·ä¸_µ·å¸,_µä¿¡,BaiduSearch
139,1,1,1,http://jgdw.sdju.edu.cn,jgdw.sdju.edu.cn,1,sd.sdju.edu.cn,101.230.228.74,1,1,80,200,OK,_ºå___,Server,101.230.224.0/20,AS4812,China Telecom (Group),ä¸_ä¸_µ·ä¸_µ·å¸,_µä¿¡,BaiduSearch
121,1,1,1,https://jixie.sdju.edu.cn,jixie.sdju.edu.cn,1,sd.sdju.edu.cn,101.230.228.74,1,1,443,200,OK,_ºæ_å­¦é_,Server,101.230.224.0/20,AS4812,China Telecom (Group),ä¸_ä¸_µ·ä¸_µ·å¸,_µä¿¡,SiteDossierQuery
140,1,1,1,http://jixie.sdju.edu.cn,jixie.sdju.edu.cn,1,sd.sdju.edu.cn,101.230.228.74,1,1,80,200,OK,_ºæ_å­¦é_,Server,101.230.224.0/20,AS4812,China Telecom (Group),ä¸_ä¸_µ·ä¸_µ·å¸,_µä¿¡,SiteDossierQuery
48,1,1,1,https://jsfzzx.sdju.edu.cn,jsfzzx.sdju.edu.cn,1,sd.sdju.edu.cn,101.230.228.74,1,1,443,200,OK,None,Server,101.230.224.0/20,AS4812,China Telecom (Group),ä¸_ä¸_µ·ä¸_µ·å¸,_µä¿¡,IP138Query
97,1,1,1,http://jsfzzx.sdju.edu.cn,jsfzzx.sdju.edu.cn,1,sd.sdju.edu.cn,101.230.228.74,1,1,80,200,OK,None,Server,101.230.224.0/20,AS4812,China Telecom (Group),ä¸_ä¸_µ·ä¸_µ·å¸,_µä¿¡,IP138Query
7,1,1,1,https://jwbgs.sdju.edu.cn,jwbgs.sdju.edu.cn,1,sd.sdju.edu.cn,101.230.228.74,1,1,443,200,OK,çº___å®,Server,101.230.224.0/20,AS4812,China Telecom (Group),ä¸_ä¸_µ·ä¸_µ·å¸,_µä¿¡,IP138Query
45,1,1,1,http://jwbgs.sdju.edu.cn,jwbgs.sdju.edu.cn,1,sd.sdju.edu.cn,101.230.228.74,1,1,80,200,OK,çº___å®,Server,101.230.224.0/20,AS4812,China Telecom (Group),ä¸_ä¸_µ·ä¸_µ·å¸,_µä¿¡,IP138Query
43,1,1,1,https://jwc.sdju.edu.cn,jwc.sdju.edu.cn,1,sd.sdju.edu.cn,101.230.228.74,1,1,443,200,OK,___å¤,Server,101.230.224.0/20,AS4812,China Telecom (Group),ä¸_ä¸_µ·ä¸_µ·å¸,_µä¿¡,IP138Query
44,1,1,1,http://jwc.sdju.edu.cn,jwc.sdju.edu.cn,1,sd.sdju.edu.cn,101.230.228.74,1,1,80,200,OK,___å¤,Server,101.230.224.0/20,AS4812,China Telecom (Group),ä¸_ä¸_µ·ä¸_µ·å¸,_µä¿¡,IP138Query
46,1,1,1,http://jxpg.sdju.edu.cn,jxpg.sdju.edu.cn,1,sd.sdju.edu.cn,101.230.228.74,1,1,80,200,OK,None,Server,101.230.224.0/20,AS4812,China Telecom (Group),ä¸_ä¸_µ·ä¸_µ·å¸,_µä¿¡,IP138Query
58,1,1,1,https://jxpg.sdju.edu.cn,jxpg.sdju.edu.cn,1,sd.sdju.edu.cn,101.230.228.74,1,1,443,200,OK,None,Server,101.230.224.0/20,AS4812,China Telecom (Group),ä¸_ä¸_µ·ä¸_µ·å¸,_µä¿¡,IP138Query
164,0,0,1,https://kczx.sdju.edu.cn,kczx.sdju.edu.cn,1,sd.sdju.edu.cn,101.230.228.74,1,0,443,,"(MaxRetryError(""HTTPSConnectionPool(host='kczx.sdju.edu.cn', port=443): Max retries exceeded with url: / (Caused by ConnectTimeoutError(<urllib3.connection.HTTPSConnection object at 0x10bb086a0>, 'Connection to kczx.sdju.edu.cn timed out. (connect timeout=13)'))""),)",,,101.230.224.0/20,AS4812,China Telecom (Group),ä¸_ä¸_µ·ä¸_µ·å¸,_µä¿¡,QianXunQuery
166,0,0,1,http://kczx.sdju.edu.cn,kczx.sdju.edu.cn,1,sd.sdju.edu.cn,101.230.228.74,1,0,80,,"(MaxRetryError(""HTTPConnectionPool(host='kczx.sdju.edu.cn', port=80): Max retries exceeded with url: / (Caused by ConnectTimeoutError(<urllib3.connection.HTTPConnection object at 0x10b118a30>, 'Connection to kczx.sdju.edu.cn timed out. (connect timeout=13)'))""),)",,,101.230.224.0/20,AS4812,China Telecom (Group),ä¸_ä¸_µ·ä¸_µ·å¸,_µä¿¡,QianXunQuery
66,1,1,1,https://keyan.sdju.edu.cn,keyan.sdju.edu.cn,1,sd.sdju.edu.cn,101.230.228.74,1,1,443,200,OK,ç§__å¤,Server,101.230.224.0/20,AS4812,China Telecom (Group),ä¸_ä¸_µ·ä¸_µ·å¸,_µä¿¡,IP138Query
110,1,1,1,http://keyan.sdju.edu.cn,keyan.sdju.edu.cn,1,sd.sdju.edu.cn,101.230.228.74,1,1,80,200,OK,ç§__å¤,Server,101.230.224.0/20,AS4812,China Telecom (Group),ä¸_ä¸_µ·ä¸_µ·å¸,_µä¿¡,IP138Query
59,1,1,1,http://lib.sdju.edu.cn,lib.sdju.edu.cn,1,sd.sdju.edu.cn,101.230.228.74,1,1,80,200,OK,_¾ä¹¦é¦,Server,101.230.224.0/20,AS4812,China Telecom (Group),ä¸_ä¸_µ·ä¸_µ·å¸,_µä¿¡,IP138Query
70,1,1,1,https://lib.sdju.edu.cn,lib.sdju.edu.cn,1,sd.sdju.edu.cn,101.230.228.74,1,1,443,200,OK,_¾ä¹¦é¦,Server,101.230.224.0/20,AS4812,China Telecom (Group),ä¸_ä¸_µ·ä¸_µ·å¸,_µä¿¡,IP138Query
30,1,1,1,http://libin.sdju.edu.cn,libin.sdju.edu.cn,1,sd.sdju.edu.cn,101.230.228.74,1,1,80,200,OK,ä¸_µ·_µæ_____å¸__,Server,101.230.224.0/20,AS4812,China Telecom (Group),ä¸_ä¸_µ·ä¸_µ·å¸,_µä¿¡,IP138Query
118,1,1,1,https://libin.sdju.edu.cn,libin.sdju.edu.cn,1,sd.sdju.edu.cn,101.230.228.74,1,1,443,200,OK,ä¸_µ·_µæ_____å¸__,Server,101.230.224.0/20,AS4812,China Telecom (Group),ä¸_ä¸_µ·ä¸_µ·å¸,_µä¿¡,IP138Query
4,1,1,1,http://mail.sdju.edu.cn,mail.sdju.edu.cn,1,webeduv6.qiye.ntes53.netease.com,223.252.202.5,1,1,80,200,,ä¸_µ·_µæ_å­¦é_ - __¨æ__»å_,nginx,223.252.202.0/23,AS45062,Guangzhou NetEase Computer System Co. Ltd,ä¸_æµ_____å·__,_µä¿¡,QuerySOA
5,1,1,1,https://mail.sdju.edu.cn,mail.sdju.edu.cn,1,webeduv6.qiye.ntes53.netease.com,223.252.202.5,1,1,443,200,,ä¸_µ·_µæ_å­¦é_ - __¨æ__»å_,nginx,223.252.202.0/23,AS45062,Guangzhou NetEase Computer System Co. Ltd,ä¸_æµ_____å·__,_µä¿¡,QuerySOA
53,1,1,1,https://mks.sdju.edu.cn,mks.sdju.edu.cn,1,sd.sdju.edu.cn,101.230.228.74,1,1,443,200,OK,é©___¸»ä¹__,Server,101.230.224.0/20,AS4812,China Telecom (Group),ä¸_ä¸_µ·ä¸_µ·å¸,_µä¿¡,IP138Query
98,1,1,1,http://mks.sdju.edu.cn,mks.sdju.edu.cn,1,sd.sdju.edu.cn,101.230.228.74,1,1,80,200,OK,é©___¸»ä¹__,Server,101.230.224.0/20,AS4812,China Telecom (Group),ä¸_ä¸_µ·ä¸_µ·å¸,_µä¿¡,IP138Query
22,0,0,1,http://my.sdju.edu.cn,my.sdju.edu.cn,1,sd.sdju.edu.cn,101.230.228.74,1,0,80,,"(MaxRetryError(""HTTPConnectionPool(host='my.sdju.edu.cn', port=80): Max retries exceeded with url: / (Caused by NewConnectionError('<urllib3.connection.HTTPConnection object at 0x109df50d0>: Failed to establish a new connection: [Errno 8] nodename nor servname provided, or not known'))""),)",,,101.230.224.0/20,AS4812,China Telecom (Group),ä¸_ä¸_µ·ä¸_µ·å¸,_µä¿¡,IP138Query
23,0,0,1,https://my.sdju.edu.cn,my.sdju.edu.cn,1,sd.sdju.edu.cn,101.230.228.74,1,0,443,,"(MaxRetryError(""HTTPSConnectionPool(host='my.sdju.edu.cn', port=443): Max retries exceeded with url: / (Caused by NewConnectionError('<urllib3.connection.HTTPSConnection object at 0x1092f5eb0>: Failed to establish a new connection: [Errno 8] nodename nor servname provided, or not known'))""),)",,,101.230.224.0/20,AS4812,China Telecom (Group),ä¸_ä¸_µ·ä¸_µ·å¸,_µä¿¡,IP138Query
37,1,1,1,https://mylib.sdju.edu.cn,mylib.sdju.edu.cn,1,sd.sdju.edu.cn,101.230.228.74,1,0,443,404,,HTTP Status 404 _ Not Found,,101.230.224.0/20,AS4812,China Telecom (Group),ä¸_ä¸_µ·ä¸_µ·å¸,_µä¿¡,QianXunQuery
67,1,1,1,http://mylib.sdju.edu.cn,mylib.sdju.edu.cn,1,sd.sdju.edu.cn,101.230.228.74,1,0,80,404,,HTTP Status 404 _ Not Found,,101.230.224.0/20,AS4812,China Telecom (Group),ä¸_ä¸_µ·ä¸_µ·å¸,_µä¿¡,QianXunQuery
33,1,1,1,https://news.sdju.edu.cn,news.sdju.edu.cn,1,sd.sdju.edu.cn,101.230.228.74,1,1,443,200,OK,_°é_ç½,Server,101.230.224.0/20,AS4812,China Telecom (Group),ä¸_ä¸_µ·ä¸_µ·å¸,_µä¿¡,IP138Query
74,1,1,1,http://news.sdju.edu.cn,news.sdju.edu.cn,1,sd.sdju.edu.cn,101.230.228.74,1,1,80,200,OK,_°é_ç½,Server,101.230.224.0/20,AS4812,China Telecom (Group),ä¸_ä¸_µ·ä¸_µ·å¸,_µä¿¡,IP138Query
1,0,0,1,http://ns1.sdju.edu.cn,ns1.sdju.edu.cn,1,"ns1.sdju.edu.cn,ns1.sdju.edu.cn","210.35.68.5,202.96.199.133","1,1",0,80,,"(MaxRetryError(""HTTPConnectionPool(host='ns1.sdju.edu.cn', port=80): Max retries exceeded with url: / (Caused by NewConnectionError('<urllib3.connection.HTTPConnection object at 0x106ee6a30>: Failed to establish a new connection: [Errno 61] Connection refused'))""),)",,,"210.35.68.0/22,202.96.196.0/22","AS4538,AS139220","China Education and Research Network Center,Sichuan Chuanxn IDC","ä¸_ä¸_µ·ä¸_µ·å¸,ä¸_ä¸_µ·ä¸_µ·å¸","___ç½,_µä¿¡",QueryNS
6,1,1,1,https://ns1.sdju.edu.cn,ns1.sdju.edu.cn,1,"ns1.sdju.edu.cn,ns1.sdju.edu.cn","210.35.68.5,202.96.199.133","1,1",1,443,200,OK,ZDNS,,"210.35.68.0/22,202.96.196.0/22","AS4538,AS139220","China Education and Research Network Center,Sichuan Chuanxn IDC","ä¸_ä¸_µ·ä¸_µ·å¸,ä¸_ä¸_µ·ä¸_µ·å¸","___ç½,_µä¿¡",QueryNS
2,0,0,1,http://ns3.sdju.edu.cn,ns3.sdju.edu.cn,1,ns3.sdju.edu.cn,210.35.68.7,1,0,80,,"(MaxRetryError(""HTTPConnectionPool(host='ns3.sdju.edu.cn', port=80): Max retries exceeded with url: / (Caused by NewConnectionError('<urllib3.connection.HTTPConnection object at 0x106f56df0>: Failed to establish a new connection: [Errno 61] Connection refused'))""),)",,,210.35.68.0/22,AS4538,China Education and Research Network Center,ä¸_ä¸_µ·ä¸_µ·å¸,___ç½,QueryNS
15,1,1,1,https://ns3.sdju.edu.cn,ns3.sdju.edu.cn,1,ns3.sdju.edu.cn,210.35.68.7,1,1,443,200,OK,ZDNS-_»å_,nginx/,210.35.68.0/22,AS4538,China Education and Research Network Center,ä¸_ä¸_µ·ä¸_µ·å¸,___ç½,QueryNS
42,0,1,1,http://oa.sdju.edu.cn,oa.sdju.edu.cn,1,sd.sdju.edu.cn,101.230.228.74,1,0,80,500,Internal Server Error,ç»__èº»½è®¤è_,openresty,101.230.224.0/20,AS4812,China Telecom (Group),ä¸_ä¸_µ·ä¸_µ·å¸,_µä¿¡,SiteDossierQuery
56,0,1,1,https://oa.sdju.edu.cn,oa.sdju.edu.cn,1,sd.sdju.edu.cn,101.230.228.74,1,0,443,500,Internal Server Error,ç»__èº»½è®¤è_,openresty,101.230.224.0/20,AS4812,China Telecom (Group),ä¸_ä¸_µ·ä¸_µ·å¸,_µä¿¡,SiteDossierQuery
159,0,0,1,https://pop.sdju.edu.cn,pop.sdju.edu.cn,1,popv6hz.qiye.ntes53.netease.com,115.236.119.65,1,0,443,,"(MaxRetryError(""HTTPSConnectionPool(host='pop.sdju.edu.cn', port=443): Max retries exceeded with url: / (Caused by ConnectTimeoutError(<urllib3.connection.HTTPSConnection object at 0x10b159880>, 'Connection to pop.sdju.edu.cn timed out. (connect timeout=13)'))""),)",,,115.236.112.0/20,AS58461,No.288 Fu-chun Road,ä¸_æµ_____å·__,_µä¿¡,QianXunQuery
160,0,0,1,http://pop.sdju.edu.cn,pop.sdju.edu.cn,1,popv6hz.qiye.ntes53.netease.com,115.236.119.65,1,0,80,,"(MaxRetryError(""HTTPConnectionPool(host='pop.sdju.edu.cn', port=80): Max retries exceeded with url: / (Caused by ConnectTimeoutError(<urllib3.connection.HTTPConnection object at 0x1092f5be0>, 'Connection to pop.sdju.edu.cn timed out. (connect timeout=13)'))""),)",,,115.236.112.0/20,AS58461,No.288 Fu-chun Road,ä¸_æµ_____å·__,_µä¿¡,QianXunQuery
153,0,0,1,https://pop3.sdju.edu.cn,pop3.sdju.edu.cn,1,"hwhz.qiye.ntes53.netease.com,hwhz.qiye.ntes53.netease.com","103.129.255.238,103.129.255.237","1,1",0,443,,"(MaxRetryError(""HTTPSConnectionPool(host='pop3.sdju.edu.cn', port=443): Max retries exceeded with url: / (Caused by ConnectTimeoutError(<urllib3.connection.HTTPSConnection object at 0x10b12c460>, 'Connection to pop3.sdju.edu.cn timed out. (connect timeout=13)'))""),)",,,"103.129.254.0/23,103.129.254.0/23","AS137263,AS137263","Netease Hong Kong Limited,Netease Hong Kong Limited","ä¸_é¦_¸¯,ä¸_é¦_¸¯","__,__",QianXunQuery
157,0,0,1,http://pop3.sdju.edu.cn,pop3.sdju.edu.cn,1,"hwhz.qiye.ntes53.netease.com,hwhz.qiye.ntes53.netease.com","103.129.255.238,103.129.255.237","1,1",0,80,,"(MaxRetryError(""HTTPConnectionPool(host='pop3.sdju.edu.cn', port=80): Max retries exceeded with url: / (Caused by ConnectTimeoutError(<urllib3.connection.HTTPConnection object at 0x109de4370>, 'Connection to pop3.sdju.edu.cn timed out. (connect timeout=13)'))""),)",,,"103.129.254.0/23,103.129.254.0/23","AS137263,AS137263","Netease Hong Kong Limited,Netease Hong Kong Limited","ä¸_é¦_¸¯,ä¸_é¦_¸¯","__,__",QianXunQuery
100,1,1,1,http://regret.sdju.edu.cn,regret.sdju.edu.cn,1,sd.sdju.edu.cn,101.230.228.74,1,1,80,200,OK,None,Server,101.230.224.0/20,AS4812,China Telecom (Group),ä¸_ä¸_µ·ä¸_µ·å¸,_µä¿¡,AlienVaultQuery
108,1,1,1,https://regret.sdju.edu.cn,regret.sdju.edu.cn,1,sd.sdju.edu.cn,101.230.228.74,1,1,443,200,OK,None,Server,101.230.224.0/20,AS4812,China Telecom (Group),ä¸_ä¸_µ·ä¸_µ·å¸,_µä¿¡,AlienVaultQuery
65,1,1,1,http://res.sdju.edu.cn,res.sdju.edu.cn,1,sd.sdju.edu.cn,101.230.228.74,1,0,80,403,Forbidden,403 Forbidden,Server   ,101.230.224.0/20,AS4812,China Telecom (Group),ä¸_ä¸_µ·ä¸_µ·å¸,_µä¿¡,QianXunQuery
68,1,1,1,https://res.sdju.edu.cn,res.sdju.edu.cn,1,sd.sdju.edu.cn,101.230.228.74,1,0,443,403,Forbidden,403 Forbidden,openresty,101.230.224.0/20,AS4812,China Telecom (Group),ä¸_ä¸_µ·ä¸_µ·å¸,_µä¿¡,QianXunQuery
106,1,1,1,https://sd.sdju.edu.cn,sd.sdju.edu.cn,1,sd.sdju.edu.cn,101.230.228.74,1,1,443,200,OK,None,Server,101.230.224.0/20,AS4812,China Telecom (Group),ä¸_ä¸_µ·ä¸_µ·å¸,_µä¿¡,AlienVaultQuery
130,1,1,1,http://sd.sdju.edu.cn,sd.sdju.edu.cn,1,sd.sdju.edu.cn,101.230.228.74,1,1,80,200,OK,None,Server,101.230.224.0/20,AS4812,China Telecom (Group),ä¸_ä¸_µ·ä¸_µ·å¸,_µä¿¡,AlienVaultQuery
116,1,1,1,http://sei.sdju.edu.cn,sei.sdju.edu.cn,1,sd.sdju.edu.cn,101.230.228.74,1,1,80,200,OK,_µå_ä¿¡æ_å­¦é_,Server,101.230.224.0/20,AS4812,China Telecom (Group),ä¸_ä¸_µ·ä¸_µ·å¸,_µä¿¡,BaiduSearch
125,1,1,1,https://sei.sdju.edu.cn,sei.sdju.edu.cn,1,sd.sdju.edu.cn,101.230.228.74,1,1,443,200,OK,_µå_ä¿¡æ_å­¦é_,Server,101.230.224.0/20,AS4812,China Telecom (Group),ä¸_ä¸_µ·ä¸_µ·å¸,_µä¿¡,BaiduSearch
80,1,1,1,http://sjc.sdju.edu.cn,sjc.sdju.edu.cn,1,sd.sdju.edu.cn,101.230.228.74,1,1,80,200,OK,å®¡èå¤,Server,101.230.224.0/20,AS4812,China Telecom (Group),ä¸_ä¸_µ·ä¸_µ·å¸,_µä¿¡,IP138Query
87,1,1,1,https://sjc.sdju.edu.cn,sjc.sdju.edu.cn,1,sd.sdju.edu.cn,101.230.228.74,1,1,443,200,OK,å®¡èå¤,Server,101.230.224.0/20,AS4812,China Telecom (Group),ä¸_ä¸_µ·ä¸_µ·å¸,_µä¿¡,IP138Query
161,0,0,1,https://smtp.sdju.edu.cn,smtp.sdju.edu.cn,1,"hwhz.qiye.ntes53.netease.com,hwhz.qiye.ntes53.netease.com","103.129.255.237,103.129.255.238","1,1",0,443,,"(MaxRetryError(""HTTPSConnectionPool(host='smtp.sdju.edu.cn', port=443): Max retries exceeded with url: / (Caused by ConnectTimeoutError(<urllib3.connection.HTTPSConnection object at 0x10b1695b0>, 'Connection to smtp.sdju.edu.cn timed out. (connect timeout=13)'))""),)",,,"103.129.254.0/23,103.129.254.0/23","AS137263,AS137263","Netease Hong Kong Limited,Netease Hong Kong Limited","ä¸_é¦_¸¯,ä¸_é¦_¸¯","__,__",QianXunQuery
162,0,0,1,http://smtp.sdju.edu.cn,smtp.sdju.edu.cn,1,"hwhz.qiye.ntes53.netease.com,hwhz.qiye.ntes53.netease.com","103.129.255.237,103.129.255.238","1,1",0,80,,"(MaxRetryError(""HTTPConnectionPool(host='smtp.sdju.edu.cn', port=80): Max retries exceeded with url: / (Caused by ConnectTimeoutError(<urllib3.connection.HTTPConnection object at 0x1092bea00>, 'Connection to smtp.sdju.edu.cn timed out. (connect timeout=13)'))""),)",,,"103.129.254.0/23,103.129.254.0/23","AS137263,AS137263","Netease Hong Kong Limited,Netease Hong Kong Limited","ä¸_é¦_¸¯,ä¸_é¦_¸¯","__,__",QianXunQuery
77,1,1,1,https://sports.sdju.edu.cn,sports.sdju.edu.cn,1,sd.sdju.edu.cn,101.230.228.74,1,1,443,200,OK,ä½_____,Server,101.230.224.0/20,AS4812,China Telecom (Group),ä¸_ä¸_µ·ä¸_µ·å¸,_µä¿¡,SiteDossierQuery
142,1,1,1,http://sports.sdju.edu.cn,sports.sdju.edu.cn,1,sd.sdju.edu.cn,101.230.228.74,1,1,80,200,OK,ä½_____,Server,101.230.224.0/20,AS4812,China Telecom (Group),ä¸_ä¸_µ·ä¸_µ·å¸,_µä¿¡,SiteDossierQuery
117,1,1,1,https://sxy.sdju.edu.cn,sxy.sdju.edu.cn,1,sd.sdju.edu.cn,101.230.228.74,1,1,443,200,OK,ä¸_µ·_µæ_å­¦é_ - ___,Server,101.230.224.0/20,AS4812,China Telecom (Group),ä¸_ä¸_µ·ä¸_µ·å¸,_µä¿¡,AlienVaultQuery
149,1,1,1,http://sxy.sdju.edu.cn,sxy.sdju.edu.cn,1,sd.sdju.edu.cn,101.230.228.74,1,1,80,200,OK,ä¸_µ·_µæ_å­¦é_ - ___,Server,101.230.224.0/20,AS4812,China Telecom (Group),ä¸_ä¸_µ·ä¸_µ·å¸,_µä¿¡,AlienVaultQuery
11,1,1,1,https://sysxzx.sdju.edu.cn,sysxzx.sdju.edu.cn,1,sd.sdju.edu.cn,101.230.228.74,1,1,443,200,OK,None,Server,101.230.224.0/20,AS4812,China Telecom (Group),ä¸_ä¸_µ·ä¸_µ·å¸,_µä¿¡,IP138Query
109,1,1,1,http://sysxzx.sdju.edu.cn,sysxzx.sdju.edu.cn,1,sd.sdju.edu.cn,101.230.228.74,1,1,80,200,OK,None,Server,101.230.224.0/20,AS4812,China Telecom (Group),ä¸_ä¸_µ·ä¸_µ·å¸,_µä¿¡,IP138Query
75,1,1,1,http://tuanwei.sdju.edu.cn,tuanwei.sdju.edu.cn,1,sd.sdju.edu.cn,101.230.228.74,1,1,80,200,OK,_¢å,Server,101.230.224.0/20,AS4812,China Telecom (Group),ä¸_ä¸_µ·ä¸_µ·å¸,_µä¿¡,SiteDossierQuery
127,1,1,1,https://tuanwei.sdju.edu.cn,tuanwei.sdju.edu.cn,1,sd.sdju.edu.cn,101.230.228.74,1,1,443,200,OK,_¢å,Server,101.230.224.0/20,AS4812,China Telecom (Group),ä¸_ä¸_µ·ä¸_µ·å¸,_µä¿¡,SiteDossierQuery
57,0,1,1,http://ucp.sdju.edu.cn,ucp.sdju.edu.cn,1,sd.sdju.edu.cn,101.230.228.74,1,0,80,500,Internal Server Error,ç»__èº»½è®¤è_,openresty,101.230.224.0/20,AS4812,China Telecom (Group),ä¸_ä¸_µ·ä¸_µ·å¸,_µä¿¡,Brute
79,0,1,1,https://ucp.sdju.edu.cn,ucp.sdju.edu.cn,1,sd.sdju.edu.cn,101.230.228.74,1,0,443,500,Internal Server Error,ç»__èº»½è®¤è_,openresty,101.230.224.0/20,AS4812,China Telecom (Group),ä¸_ä¸_µ·ä¸_µ·å¸,_µä¿¡,Brute
47,1,1,1,https://visitor.sdju.edu.cn,visitor.sdju.edu.cn,1,visitor.sdju.edu.cn,101.230.228.86,1,1,443,200,OK,Welcome to nginx!,nginx/1.20.2,101.230.224.0/20,AS4812,China Telecom (Group),ä¸_ä¸_µ·ä¸_µ·å¸,_µä¿¡,Brute
169,0,0,1,http://visitor.sdju.edu.cn,visitor.sdju.edu.cn,1,visitor.sdju.edu.cn,101.230.228.86,1,0,80,,"(MaxRetryError(""HTTPConnectionPool(host='visitor.sdju.edu.cn', port=80): Max retries exceeded with url: / (Caused by ConnectTimeoutError(<urllib3.connection.HTTPConnection object at 0x10bbe7bb0>, 'Connection to visitor.sdju.edu.cn timed out. (connect timeout=13)'))""),)",,,101.230.224.0/20,AS4812,China Telecom (Group),ä¸_ä¸_µ·ä¸_µ·å¸,_µä¿¡,Brute
101,1,1,1,http://visual.sdju.edu.cn,visual.sdju.edu.cn,1,sd.sdju.edu.cn,101.230.228.74,1,1,80,200,OK,_¾å_ç½__,Server,101.230.224.0/20,AS4812,China Telecom (Group),ä¸_ä¸_µ·ä¸_µ·å¸,_µä¿¡,BaiduSearch
104,1,1,1,https://visual.sdju.edu.cn,visual.sdju.edu.cn,1,sd.sdju.edu.cn,101.230.228.74,1,1,443,200,OK,_¾å_ç½__,Server,101.230.224.0/20,AS4812,China Telecom (Group),ä¸_ä¸_µ·ä¸_µ·å¸,_µä¿¡,BaiduSearch
3,1,1,1,http://vpn.sdju.edu.cn,vpn.sdju.edu.cn,1,vpn.sdju.edu.cn,101.230.228.68,1,1,80,200,OK,'\n\n\n\n\n\n\n\n\r\nYour browser does not support JavaScript (or it is blocked). Please check your browser settings and make sure it supports JavaScript.\r\n\n\n\n\n\n',Server,101.230.224.0/20,AS4812,China Telecom (Group),ä¸_ä¸_µ·ä¸_µ·å¸,_µä¿¡,IP138Query
10,1,1,1,https://vpn.sdju.edu.cn,vpn.sdju.edu.cn,1,vpn.sdju.edu.cn,101.230.228.68,1,1,443,200,OK,'\n\n\n\n\n\n\n\n\r\nYour browser does not support JavaScript (or it is blocked). Please check your browser settings and make sure it supports JavaScript.\r\n\n\n\n\n\n',Server,101.230.224.0/20,AS4812,China Telecom (Group),ä¸_ä¸_µ·ä¸_µ·å¸,_µä¿¡,IP138Query
119,1,1,1,http://wenli.sdju.edu.cn,wenli.sdju.edu.cn,1,sd.sdju.edu.cn,101.230.228.74,1,1,80,200,OK,___å­¦é_,Server,101.230.224.0/20,AS4812,China Telecom (Group),ä¸_ä¸_µ·ä¸_µ·å¸,_µä¿¡,BaiduSearch
134,1,1,1,https://wenli.sdju.edu.cn,wenli.sdju.edu.cn,1,sd.sdju.edu.cn,101.230.228.74,1,1,443,200,OK,___å­¦é_,Server,101.230.224.0/20,AS4812,China Telecom (Group),ä¸_ä¸_µ·ä¸_µ·å¸,_µä¿¡,BaiduSearch
63,1,1,1,https://wgyxy.sdju.edu.cn,wgyxy.sdju.edu.cn,1,sd.sdju.edu.cn,101.230.228.74,1,1,443,200,OK,å¤__è¯_,Server,101.230.224.0/20,AS4812,China Telecom (Group),ä¸_ä¸_µ·ä¸_µ·å¸,_µä¿¡,IP138Query
145,1,1,1,http://wgyxy.sdju.edu.cn,wgyxy.sdju.edu.cn,1,sd.sdju.edu.cn,101.230.228.74,1,1,80,200,OK,å¤__è¯_,Server,101.230.224.0/20,AS4812,China Telecom (Group),ä¸_ä¸_µ·ä¸_µ·å¸,_µä¿¡,IP138Query
175,1,1,1,https://wlaq.sdju.edu.cn,wlaq.sdju.edu.cn,3,sd.sdju.edu.cn,101.230.228.74,1,1,443,200,OK,ç½__å®__å®£ä_ä¸_ç½,Server,101.230.224.0/20,AS4812,China Telecom (Group),ä¸_ä¸_µ·ä¸_µ·å¸,_µä¿¡,Finder
182,1,1,1,http://wlaq.sdju.edu.cn,wlaq.sdju.edu.cn,3,sd.sdju.edu.cn,101.230.228.74,1,1,80,200,OK,ç½__å®__å®£ä_ä¸_ç½,Server,101.230.224.0/20,AS4812,China Telecom (Group),ä¸_ä¸_µ·ä¸_µ·å¸,_µä¿¡,Finder
126,1,1,1,https://wmzx.sdju.edu.cn,wmzx.sdju.edu.cn,1,sd.sdju.edu.cn,101.230.228.74,1,1,443,200,OK,____¨çº¿,Server,101.230.224.0/20,AS4812,China Telecom (Group),ä¸_ä¸_µ·ä¸_µ·å¸,_µä¿¡,BaiduSearch
150,1,1,1,http://wmzx.sdju.edu.cn,wmzx.sdju.edu.cn,1,sd.sdju.edu.cn,101.230.228.74,1,1,80,200,OK,____¨çº¿,Server,101.230.224.0/20,AS4812,China Telecom (Group),ä¸_ä¸_µ·ä¸_µ·å¸,_µä¿¡,BaiduSearch
50,1,1,1,https://work.sdju.edu.cn,work.sdju.edu.cn,1,sd.sdju.edu.cn,101.230.228.74,1,1,443,200,OK,Welcome to nginx!,Server      ,101.230.224.0/20,AS4812,China Telecom (Group),ä¸_ä¸_µ·ä¸_µ·å¸,_µä¿¡,Brute
84,1,1,1,http://work.sdju.edu.cn,work.sdju.edu.cn,1,sd.sdju.edu.cn,101.230.228.74,1,1,80,200,OK,Welcome to nginx!,Server      ,101.230.224.0/20,AS4812,China Telecom (Group),ä¸_ä¸_µ·ä¸_µ·å¸,_µä¿¡,Brute
49,0,1,1,http://wsgl.sdju.edu.cn,wsgl.sdju.edu.cn,1,wsgl.sdju.edu.cn,101.230.228.67,1,0,80,500,Internal Server Error,ç»__èº»½è®¤è_,openresty,101.230.224.0/20,AS4812,China Telecom (Group),ä¸_ä¸_µ·ä¸_µ·å¸,_µä¿¡,QianXunQuery
60,0,1,1,https://wsgl.sdju.edu.cn,wsgl.sdju.edu.cn,1,wsgl.sdju.edu.cn,101.230.228.67,1,0,443,500,Internal Server Error,ç»__èº»½è®¤è_,openresty,101.230.224.0/20,AS4812,China Telecom (Group),ä¸_ä¸_µ·ä¸_µ·å¸,_µä¿¡,QianXunQuery
92,1,1,1,https://www.sdju.edu.cn,www.sdju.edu.cn,1,www.sdju.edu.cn,101.230.228.66,1,0,443,200,OK,ä¸_µ·_µæ_å­¦é_,Server,101.230.224.0/20,AS4812,China Telecom (Group),ä¸_ä¸_µ·ä¸_µ·å¸,_µä¿¡,IP138Query
124,1,1,1,http://www.sdju.edu.cn,www.sdju.edu.cn,1,www.sdju.edu.cn,101.230.228.66,1,0,80,200,OK,ä¸_µ·_µæ_å­¦é_,Server,101.230.224.0/20,AS4812,China Telecom (Group),ä¸_ä¸_µ·ä¸_µ·å¸,_µä¿¡,IP138Query
155,0,0,1,http://wxdev.sdju.edu.cn,wxdev.sdju.edu.cn,1,wxdev.sdju.edu.cn,101.230.228.69,1,0,80,,"(MaxRetryError(""HTTPConnectionPool(host='wxdev.sdju.edu.cn', port=80): Max retries exceeded with url: / (Caused by ConnectTimeoutError(<urllib3.connection.HTTPConnection object at 0x1094d7dc0>, 'Connection to wxdev.sdju.edu.cn timed out. (connect timeout=13)'))""),)",,,101.230.224.0/20,AS4812,China Telecom (Group),ä¸_ä¸_µ·ä¸_µ·å¸,_µä¿¡,QianXunQuery
156,0,0,1,https://wxdev.sdju.edu.cn,wxdev.sdju.edu.cn,1,wxdev.sdju.edu.cn,101.230.228.69,1,0,443,,"(MaxRetryError(""HTTPSConnectionPool(host='wxdev.sdju.edu.cn', port=443): Max retries exceeded with url: / (Caused by ConnectTimeoutError(<urllib3.connection.HTTPSConnection object at 0x10b140250>, 'Connection to wxdev.sdju.edu.cn timed out. (connect timeout=13)'))""),)",,,101.230.224.0/20,AS4812,China Telecom (Group),ä¸_ä¸_µ·ä¸_µ·å¸,_µä¿¡,QianXunQuery
167,0,0,1,http://wxpj.sdju.edu.cn,wxpj.sdju.edu.cn,1,sd.sdju.edu.cn,101.230.228.74,1,0,80,,"(MaxRetryError(""HTTPConnectionPool(host='wxpj.sdju.edu.cn', port=80): Max retries exceeded with url: / (Caused by ConnectTimeoutError(<urllib3.connection.HTTPConnection object at 0x10bb372b0>, 'Connection to wxpj.sdju.edu.cn timed out. (connect timeout=13)'))""),)",,,101.230.224.0/20,AS4812,China Telecom (Group),ä¸_ä¸_µ·ä¸_µ·å¸,_µä¿¡,QianXunQuery
168,0,0,1,https://wxpj.sdju.edu.cn,wxpj.sdju.edu.cn,1,sd.sdju.edu.cn,101.230.228.74,1,0,443,,"(MaxRetryError(""HTTPSConnectionPool(host='wxpj.sdju.edu.cn', port=443): Max retries exceeded with url: / (Caused by ConnectTimeoutError(<urllib3.connection.HTTPSConnection object at 0x10b1914f0>, 'Connection to wxpj.sdju.edu.cn timed out. (connect timeout=13)'))""),)",,,101.230.224.0/20,AS4812,China Telecom (Group),ä¸_ä¸_µ·ä¸_µ·å¸,_µä¿¡,QianXunQuery
133,1,1,1,http://xb.sdju.edu.cn,xb.sdju.edu.cn,1,sd.sdju.edu.cn,101.230.228.74,1,1,80,200,OK,_¡é____å®,Server,101.230.224.0/20,AS4812,China Telecom (Group),ä¸_ä¸_µ·ä¸_µ·å¸,_µä¿¡,BaiduSearch
148,1,1,1,https://xb.sdju.edu.cn,xb.sdju.edu.cn,1,sd.sdju.edu.cn,101.230.228.74,1,1,443,200,OK,_¡é____å®,Server,101.230.224.0/20,AS4812,China Telecom (Group),ä¸_ä¸_µ·ä¸_µ·å¸,_µä¿¡,BaiduSearch
18,1,1,1,http://xcb.sdju.edu.cn,xcb.sdju.edu.cn,1,sd.sdju.edu.cn,101.230.228.74,1,1,80,200,OK,ä¸_µ·_µæ_å­¦é___å®£ä__,Server,101.230.224.0/20,AS4812,China Telecom (Group),ä¸_ä¸_µ·ä¸_µ·å¸,_µä¿¡,IP138Query
25,1,1,1,https://xcb.sdju.edu.cn,xcb.sdju.edu.cn,1,sd.sdju.edu.cn,101.230.228.74,1,1,443,200,OK,ä¸_µ·_µæ_å­¦é___å®£ä__,Server,101.230.224.0/20,AS4812,China Telecom (Group),ä¸_ä¸_µ·ä¸_µ·å¸,_µä¿¡,IP138Query
29,0,0,1,https://xiaobao.sdju.edu.cn,xiaobao.sdju.edu.cn,1,sd.sdju.edu.cn,101.230.228.74,1,0,443,,"(MaxRetryError(""HTTPSConnectionPool(host='xiaobao.sdju.edu.cn', port=443): Max retries exceeded with url: / (Caused by NewConnectionError('<urllib3.connection.HTTPSConnection object at 0x109d0edf0>: Failed to establish a new connection: [Errno 61] Connection refused'))""),)",,,101.230.224.0/20,AS4812,China Telecom (Group),ä¸_ä¸_µ·ä¸_µ·å¸,_µä¿¡,SiteDossierQuery
39,1,1,1,http://xiaobao.sdju.edu.cn,xiaobao.sdju.edu.cn,1,sd.sdju.edu.cn,101.230.228.74,1,0,80,403,403,'',Server,101.230.224.0/20,AS4812,China Telecom (Group),ä¸_ä¸_µ·ä¸_µ·å¸,_µä¿¡,SiteDossierQuery
13,1,1,1,https://xinsheng.sdju.edu.cn,xinsheng.sdju.edu.cn,1,sd.sdju.edu.cn,101.230.228.74,1,1,443,200,OK,' ',Server       ,101.230.224.0/20,AS4812,China Telecom (Group),ä¸_ä¸_µ·ä¸_µ·å¸,_µä¿¡,IP138Query
20,1,1,1,http://xinsheng.sdju.edu.cn,xinsheng.sdju.edu.cn,1,sd.sdju.edu.cn,101.230.228.74,1,1,80,200,OK,' ',Server       ,101.230.224.0/20,AS4812,China Telecom (Group),ä¸_ä¸_µ·ä¸_µ·å¸,_µä¿¡,IP138Query
19,1,1,1,https://xjwgl.sdju.edu.cn,xjwgl.sdju.edu.cn,1,sd.sdju.edu.cn,101.230.228.74,1,1,443,200,OK,,"ZFSOFT.Inc,Servlet/3.0 JSP/2.2 (Apache Tomcat Java/Oracle Corporation/1.8.0_201-b09)",101.230.224.0/20,AS4812,China Telecom (Group),ä¸_ä¸_µ·ä¸_µ·å¸,_µä¿¡,IP138Query
24,1,1,1,http://xjwgl.sdju.edu.cn,xjwgl.sdju.edu.cn,1,sd.sdju.edu.cn,101.230.228.74,1,1,80,200,OK,,"ZFSOFT.Inc,Servlet/3.0 JSP/2.2 (Apache Tomcat Java/Oracle Corporation/1.8.0_201-b09)",101.230.224.0/20,AS4812,China Telecom (Group),ä¸_ä¸_µ·ä¸_µ·å¸,_µä¿¡,IP138Query
111,1,1,1,https://xq.sdju.edu.cn,xq.sdju.edu.cn,1,sd.sdju.edu.cn,101.230.228.74,1,1,443,200,OK,_¡å_ç½,Server,101.230.224.0/20,AS4812,China Telecom (Group),ä¸_ä¸_µ·ä¸_µ·å¸,_µä¿¡,BaiduSearch
123,1,1,1,http://xq.sdju.edu.cn,xq.sdju.edu.cn,1,sd.sdju.edu.cn,101.230.228.74,1,1,80,200,OK,_¡å_ç½,Server,101.230.224.0/20,AS4812,China Telecom (Group),ä¸_ä¸_µ·ä¸_µ·å¸,_µä¿¡,BaiduSearch
14,1,1,1,http://xsc.sdju.edu.cn,xsc.sdju.edu.cn,1,sd.sdju.edu.cn,101.230.228.74,1,1,80,200,OK,__å­¦ç_å·¥ä__,Server,101.230.224.0/20,AS4812,China Telecom (Group),ä¸_ä¸_µ·ä¸_µ·å¸,_µä¿¡,IP138Query
27,1,1,1,https://xsc.sdju.edu.cn,xsc.sdju.edu.cn,1,sd.sdju.edu.cn,101.230.228.74,1,1,443,200,OK,__å­¦ç_å·¥ä__,Server,101.230.224.0/20,AS4812,China Telecom (Group),ä¸_ä¸_µ·ä¸_µ·å¸,_µä¿¡,IP138Query
17,1,1,1,http://xsfw.sdju.edu.cn,xsfw.sdju.edu.cn,1,sd.sdju.edu.cn,101.230.228.74,1,1,80,200,OK,' ',Server           ,101.230.224.0/20,AS4812,China Telecom (Group),ä¸_ä¸_µ·ä¸_µ·å¸,_µä¿¡,IP138Query
69,1,1,1,https://xsfw.sdju.edu.cn,xsfw.sdju.edu.cn,1,sd.sdju.edu.cn,101.230.228.74,1,1,443,200,OK,' ',Server           ,101.230.224.0/20,AS4812,China Telecom (Group),ä¸_ä¸_µ·ä¸_µ·å¸,_µä¿¡,IP138Query
8,0,0,1,http://xtbg.sdju.edu.cn,xtbg.sdju.edu.cn,1,sd.sdju.edu.cn,101.230.228.74,1,0,80,,"(MaxRetryError(""HTTPConnectionPool(host='xtbg.sdju.edu.cn', port=80): Max retries exceeded with url: / (Caused by NewConnectionError('<urllib3.connection.HTTPConnection object at 0x109236e50>: Failed to establish a new connection: [Errno 8] nodename nor servname provided, or not known'))""),)",,,101.230.224.0/20,AS4812,China Telecom (Group),ä¸_ä¸_µ·ä¸_µ·å¸,_µä¿¡,IP138Query
9,0,0,1,https://xtbg.sdju.edu.cn,xtbg.sdju.edu.cn,1,sd.sdju.edu.cn,101.230.228.74,1,0,443,,"(MaxRetryError(""HTTPSConnectionPool(host='xtbg.sdju.edu.cn', port=443): Max retries exceeded with url: / (Caused by NewConnectionError('<urllib3.connection.HTTPSConnection object at 0x106ee7ee0>: Failed to establish a new connection: [Errno 8] nodename nor servname provided, or not known'))""),)",,,101.230.224.0/20,AS4812,China Telecom (Group),ä¸_ä¸_µ·ä¸_µ·å¸,_µä¿¡,IP138Query
183,1,1,1,http://xtcx.sdju.edu.cn,xtcx.sdju.edu.cn,3,sd.sdju.edu.cn,101.230.228.74,1,1,80,200,OK,ä¸_µ·å¸_¤§____»ä»¶_¶é________°ä¸­å¿,Server,101.230.224.0/20,AS4812,China Telecom (Group),ä¸_ä¸_µ·ä¸_µ·å¸,_µä¿¡,Finder
184,1,1,1,https://xtcx.sdju.edu.cn,xtcx.sdju.edu.cn,3,sd.sdju.edu.cn,101.230.228.74,1,1,443,200,OK,ä¸_µ·å¸_¤§____»ä»¶_¶é________°ä¸­å¿,Server,101.230.224.0/20,AS4812,China Telecom (Group),ä¸_ä¸_µ·ä¸_µ·å¸,_µä¿¡,Finder
83,1,1,1,https://xyh.sdju.edu.cn,xyh.sdju.edu.cn,1,sd.sdju.edu.cn,101.230.228.74,1,1,443,200,OK,_¡å_ä¼,Server,101.230.224.0/20,AS4812,China Telecom (Group),ä¸_ä¸_µ·ä¸_µ·å¸,_µä¿¡,SiteDossierQuery
105,1,1,1,http://xyh.sdju.edu.cn,xyh.sdju.edu.cn,1,sd.sdju.edu.cn,101.230.228.74,1,1,80,200,OK,_¡å_ä¼,Server,101.230.224.0/20,AS4812,China Telecom (Group),ä¸_ä¸_µ·ä¸_µ·å¸,_µä¿¡,SiteDossierQuery
93,1,1,1,http://yjs.sdju.edu.cn,yjs.sdju.edu.cn,1,sd.sdju.edu.cn,101.230.228.74,1,1,80,200,OK,__©¶__,Server,101.230.224.0/20,AS4812,China Telecom (Group),ä¸_ä¸_µ·ä¸_µ·å¸,_µä¿¡,IP138Query
112,1,1,1,https://yjs.sdju.edu.cn,yjs.sdju.edu.cn,1,sd.sdju.edu.cn,101.230.228.74,1,1,443,200,OK,__©¶__,Server,101.230.224.0/20,AS4812,China Telecom (Group),ä¸_ä¸_µ·ä¸_µ·å¸,_µä¿¡,IP138Query
41,1,1,1,http://yjspy.sdju.edu.cn,yjspy.sdju.edu.cn,1,sd.sdju.edu.cn,101.230.228.74,1,1,80,200,,_»å_-å­¦ä_ä¸__ç©¶ç____ç®¡ç_ä¿¡æ_ç³»ç_,Server ,101.230.224.0/20,AS4812,China Telecom (Group),ä¸_ä¸_µ·ä¸_µ·å¸,_µä¿¡,BaiduSearch
62,1,1,1,https://yjspy.sdju.edu.cn,yjspy.sdju.edu.cn,1,sd.sdju.edu.cn,101.230.228.74,1,1,443,200,,_»å_-å­¦ä_ä¸__ç©¶ç____ç®¡ç_ä¿¡æ_ç³»ç_,Server ,101.230.224.0/20,AS4812,China Telecom (Group),ä¸_ä¸_µ·ä¸_µ·å¸,_µä¿¡,BaiduSearch
172,1,1,1,http://yywz.sdju.edu.cn,yywz.sdju.edu.cn,3,sd.sdju.edu.cn,101.230.228.74,1,1,80,200,OK,ä¸_µ·_µæ_å­¦é_è¯____ç½,Server,101.230.224.0/20,AS4812,China Telecom (Group),ä¸_ä¸_µ·ä¸_µ·å¸,_µä¿¡,Finder
180,1,1,1,https://yywz.sdju.edu.cn,yywz.sdju.edu.cn,3,sd.sdju.edu.cn,101.230.228.74,1,1,443,200,OK,ä¸_µ·_µæ_å­¦é_è¯____ç½,Server,101.230.224.0/20,AS4812,China Telecom (Group),ä¸_ä¸_µ·ä¸_µ·å¸,_µä¿¡,Finder
88,1,1,1,https://zbb.sdju.edu.cn,zbb.sdju.edu.cn,1,sd.sdju.edu.cn,101.230.228.74,1,1,443,200,OK,_______,Server,101.230.224.0/20,AS4812,China Telecom (Group),ä¸_ä¸_µ·ä¸_µ·å¸,_µä¿¡,AlienVaultQuery
143,1,1,1,http://zbb.sdju.edu.cn,zbb.sdju.edu.cn,1,sd.sdju.edu.cn,101.230.228.74,1,1,80,200,OK,_______,Server,101.230.224.0/20,AS4812,China Telecom (Group),ä¸_ä¸_µ·ä¸_µ·å¸,_µä¿¡,AlienVaultQuery
54,1,1,1,http://zf.sdju.edu.cn,zf.sdju.edu.cn,1,zf.sdju.edu.cn,101.230.228.90,1,1,80,200,OK,_¡å___å¹³å_,Server           ,101.230.224.0/20,AS4812,China Telecom (Group),ä¸_ä¸_µ·ä¸_µ·å¸,_µä¿¡,IP138Query
55,1,1,1,https://zf.sdju.edu.cn,zf.sdju.edu.cn,1,zf.sdju.edu.cn,101.230.228.90,1,1,443,200,OK,_¡å___å¹³å_,Server           ,101.230.224.0/20,AS4812,China Telecom (Group),ä¸_ä¸_µ·ä¸_µ·å¸,_µä¿¡,IP138Query
61,1,1,1,https://zhaosheng.sdju.edu.cn,zhaosheng.sdju.edu.cn,1,sd.sdju.edu.cn,101.230.228.74,1,1,443,200,OK,___ç½,Server,101.230.224.0/20,AS4812,China Telecom (Group),ä¸_ä¸_µ·ä¸_µ·å¸,_µä¿¡,IP138Query
64,1,1,1,http://zhaosheng.sdju.edu.cn,zhaosheng.sdju.edu.cn,1,sd.sdju.edu.cn,101.230.228.74,1,1,80,200,OK,___ç½,Server,101.230.224.0/20,AS4812,China Telecom (Group),ä¸_ä¸_µ·ä¸_µ·å¸,_µä¿¡,IP138Query
128,1,1,1,http://zlgl.sdju.edu.cn,zlgl.sdju.edu.cn,1,sd.sdju.edu.cn,101.230.228.74,1,1,80,200,OK,__è´¨é_ç®¡ç____å®,Server,101.230.224.0/20,AS4812,China Telecom (Group),ä¸_ä¸_µ·ä¸_µ·å¸,_µä¿¡,BaiduSearch
132,1,1,1,https://zlgl.sdju.edu.cn,zlgl.sdju.edu.cn,1,sd.sdju.edu.cn,101.230.228.74,1,1,443,200,OK,__è´¨é_ç®¡ç____å®,Server,101.230.224.0/20,AS4812,China Telecom (Group),ä¸_ä¸_µ·ä¸_µ·å¸,_µä¿¡,BaiduSearch
151,0,0,1,https://zssearch.sdju.edu.cn,zssearch.sdju.edu.cn,1,sd.sdju.edu.cn,101.230.228.74,1,0,443,,"(MaxRetryError(""HTTPSConnectionPool(host='zssearch.sdju.edu.cn', port=443): Max retries exceeded with url: / (Caused by ConnectTimeoutError(<urllib3.connection.HTTPSConnection object at 0x106f26f40>, 'Connection to zssearch.sdju.edu.cn timed out. (connect timeout=13)'))""),)",,,101.230.224.0/20,AS4812,China Telecom (Group),ä¸_ä¸_µ·ä¸_µ·å¸,_µä¿¡,IP138Query
152,0,0,1,http://zssearch.sdju.edu.cn,zssearch.sdju.edu.cn,1,sd.sdju.edu.cn,101.230.228.74,1,0,80,,"(MaxRetryError(""HTTPSConnectionPool(host='zssearch.sdju.edu.cn', port=443): Max retries exceeded with url: / (Caused by ConnectTimeoutError(<urllib3.connection.HTTPSConnection object at 0x109df5bb0>, 'Connection to zssearch.sdju.edu.cn timed out. (connect timeout=13)'))""),)",,,101.230.224.0/20,AS4812,China Telecom (Group),ä¸_ä¸_µ·ä¸_µ·å¸,_µä¿¡,IP138Query
32,1,1,1,http://zuzhi.sdju.edu.cn,zuzhi.sdju.edu.cn,1,sd.sdju.edu.cn,101.230.228.74,1,1,80,200,OK,__ç»___,Server,101.230.224.0/20,AS4812,China Telecom (Group),ä¸_ä¸_µ·ä¸_µ·å¸,_µä¿¡,IP138Query
40,1,1,1,https://zuzhi.sdju.edu.cn,zuzhi.sdju.edu.cn,1,sd.sdju.edu.cn,101.230.228.74,1,1,443,200,OK,__ç»___,Server,101.230.224.0/20,AS4812,China Telecom (Group),ä¸_ä¸_µ·ä¸_µ·å¸,_µä¿¡,IP138Query
185,1,1,1,http://zwgk.sdju.edu.cn,zwgk.sdju.edu.cn,3,sd.sdju.edu.cn,101.230.228.74,1,1,80,200,OK,ä¿¡æ___ç½,Server,101.230.224.0/20,AS4812,China Telecom (Group),ä¸_ä¸_µ·ä¸_µ·å¸,_µä¿¡,Finder
186,1,1,1,https://zwgk.sdju.edu.cn,zwgk.sdju.edu.cn,3,sd.sdju.edu.cn,101.230.228.74,1,1,443,200,OK,ä¿¡æ___ç½,Server,101.230.224.0/20,AS4812,China Telecom (Group),ä¸_ä¸_µ·ä¸_µ·å¸,_µä¿¡,Finder